"Student_ID","Name","Gender","Department","Academic_Year","Study_Hours_Per_Day","Sleep_Hours_Per_Day","Screen_Time_Hours","Academic_Workload","Attendance_Percentage","Assignment_Pressure","Physical_Activity_Hours","Reported_Stress_Level"
"STU1001","Tanvi Iyer","Female","Mechanical","Year 3",3.6,6.8,7.5,2,88.9,2,1.8,"Low"
"STU1002","Deepak Bose","Male","Computer Science","Year 4",4.2,6,7.6,3,78.3,3,1.3,"Moderate"
"STU1003","Aarav Kumar","Female","Electronics","Year 1",2.8,7.4,8.7,2,90.1,3,2.3,"Low"
"STU1004","Sam Deshmukh","Female","Civil","Year 1",6.3,5.8,10.2,3,89,5,0.4,"High"
"STU1005","Neha Mehta","Male","Electronics","Year 1",4.8,5.4,8.6,4,83.4,4,2,"High"
"STU1006","Arjun Deshmukh","Male","Civil","Year 2",4.9,7.8,8.9,2,74.7,2,1.5,"Low"
"STU1007","Varun Das","Male","Biotechnology","Year 4",5.7,5.9,6.9,4,73.1,5,1.9,"High"
"STU1008","Taylor Deshmukh","Non-Binary","Mechanical","Year 2",6.5,5.4,11.7,3,97.3,3,1.1,"Moderate"
"STU1009","Tanvi Bose","Female","Biotechnology","Year 3",6.3,5.2,7,3,94.3,2,2.4,"Moderate"
"STU1010","Sneha Sharma","Female","Civil","Year 3",4.5,5.3,7.5,3,84.4,3,1.3,"Moderate"
"STU1011","Morgan Deshmukh","Non-Binary","Computer Science","Year 1",3.7,7.4,5.2,2,92.6,2,1.3,"Low"
"STU1012","Ishaan Sharma","Male","Computer Science","Year 4",3.1,6.2,6.2,2,79.8,2,2,"Low"
"STU1013","Arjun Verma","Female","Computer Science","Year 2",1.9,7.1,9,2,90.9,1,1.3,"Low"
"STU1014","Sam Gupta","Non-Binary","Biotechnology","Year 3",6.5,6,9.6,3,79.7,4,1.4,"Moderate"
"STU1015","Deepak Bhat","Female","Biotechnology","Year 1",6.8,4.4,8.6,4,76.8,5,2,"High"
"STU1016","Rohan Patel","Female","Computer Science","Year 4",7,5.5,10.2,3,84.9,3,0.3,"Moderate"
"STU1017","Yash Rao","Female","Electronics","Year 1",5.5,6.7,7.5,3,88.4,3,0.8,"Moderate"
"STU1018","Taylor Das","Female","Mechanical","Year 3",8,6.3,10.6,3,81.1,3,1.3,"Low"
"STU1019","Varun Chopra","Non-Binary","Electronics","Year 2",3.4,7.7,6.8,2,83.4,1,2.7,"Low"
"STU1020","Sneha Sharma","Male","Electronics","Year 1",3.8,7.9,5.7,2,93.2,1,2.1,"Low"
"STU1021","Ananya Pillai","Male","Civil","Year 2",4,5.3,9.3,3,94.6,2,0.9,"Moderate"
"STU1022","Manish Rao","Female","Electronics","Year 2",8,4,9.6,4,82.3,3,1.2,"Moderate"
"STU1023","Sam Kapoor","Male","Computer Science","Year 1",6.5,6.2,8.6,4,74.3,5,1.2,"Moderate"
"STU1024","Arjun Nair","Female","Mechanical","Year 4",6,6.7,7,2,86.2,2,1.5,"Low"
"STU1025","Deepak Bhat","Male","Mechanical","Year 3",6.1,5.3,10.7,4,85.7,4,1,"High"
"STU1026","Riya Singh","Male","Computer Science","Year 1",8.9,4.2,9,5,72.1,5,0.1,"High"
"STU1027","Deepak Reddy","Male","Computer Science","Year 3",5,7.6,8.5,1,100,2,2.1,"Low"
"STU1028","Yash Mehta","Female","Electronics","Year 3",5.2,6.1,9.4,4,89.2,5,0.4,"High"
"STU1029","Aditi Mehta","Female","Computer Science","Year 1",4.1,5.4,9.6,3,96.3,4,1.9,"Moderate"
"STU1030","Kavya Patel","Non-Binary","Electronics","Year 2",5.8,5.2,9.9,3,76.7,3,0.6,"Moderate"
"STU1031","Ananya Menon","Female","Civil","Year 3",7.3,3.5,10.9,5,76.6,5,1.3,"High"
"STU1032","Taylor Kapoor","Female","Computer Science","Year 4",4.6,6.1,8.2,2,87.8,1,2.4,"Low"
"STU1033","Aarav Kapoor","Non-Binary","Computer Science","Year 2",7.7,3.5,9.3,5,81.6,5,1.4,"High"
"STU1034","Neha Bose","Female","Electronics","Year 3",2.7,8.8,8.2,1,89.2,2,3.5,"Low"
"STU1035","Morgan Bhat","Female","Computer Science","Year 4",5,4.3,8.2,4,77.7,4,0,"High"
"STU1036","Pooja Sharma","Non-Binary","Electronics","Year 3",4.1,6.2,8.2,3,89.8,4,0.8,"Moderate"
"STU1037","Sneha Nair","Non-Binary","Computer Science","Year 2",2.3,8.3,5,2,90.7,2,0.5,"Low"
"STU1038","Chris Kumar","Female","Civil","Year 4",5.3,4.3,9.2,3,84.7,3,1.3,"Moderate"
"STU1039","Taylor Mehta","Non-Binary","Civil","Year 3",6,6,8,3,85.7,4,0.5,"High"
"STU1040","Kavya Bose","Female","Biotechnology","Year 1",7.8,3.5,10.2,4,77.2,4,1.2,"Moderate"
"STU1041","Arjun Das","Non-Binary","Biotechnology","Year 1",4.5,6.8,7.7,3,84.4,4,1.3,"Moderate"
"STU1042","Arjun Rao","Female","Civil","Year 4",6.1,5.9,8.2,3,87.8,3,0,"Low"
"STU1043","Chris Kumar","Female","Electronics","Year 3",4.7,5.3,5.6,4,74.7,4,1.3,"Moderate"
"STU1044","Varun Kapoor","Female","Computer Science","Year 1",3.5,6.7,7.2,2,87.7,4,2.4,"Low"
"STU1045","Riya Verma","Female","Computer Science","Year 4",6.9,3.5,7.7,4,75.2,3,0.6,"High"
"STU1046","Deepak Nair","Male","Biotechnology","Year 3",3.5,5.4,6.1,3,91.6,4,0.4,"Moderate"
"STU1047","Arjun Sharma","Non-Binary","Civil","Year 4",7.1,3.8,10.4,4,78.1,5,1.7,"High"
"STU1048","Aditi Joshi","Non-Binary","Civil","Year 2",7,4.6,11.5,5,74.6,5,0.8,"High"
"STU1049","Morgan Bhat","Female","Computer Science","Year 2",2.2,7.6,7.4,1,84.4,2,2.8,"Low"
"STU1050","Varun Deshmukh","Female","Mechanical","Year 4",5.4,4.7,7.5,4,85.1,3,0.6,"High"
"STU1051","Ananya Kumar","Female","Biotechnology","Year 3",4.2,6.1,7.9,2,85.2,2,1.1,"Moderate"
"STU1052","Morgan Menon","Female","Computer Science","Year 2",4.6,6.4,8.1,2,83.5,1,2.3,"Low"
"STU1053","Jordan Verma","Male","Electronics","Year 3",8.1,3.5,10.3,5,70.8,4,1.6,"High"
"STU1054","Tanvi Singh","Non-Binary","Computer Science","Year 1",1.8,8.5,6,1,97.9,1,1.2,"Low"
"STU1055","Alex Iyer","Female","Electronics","Year 2",5.6,5.3,6.9,4,85.9,3,1.4,"Moderate"
"STU1056","Taylor Bose","Female","Electronics","Year 1",3.4,7.7,7.8,2,89.1,2,1.3,"Low"
"STU1057","Varun Kapoor","Male","Civil","Year 3",6.1,5.2,7.9,3,81.9,2,1.5,"Low"
"STU1058","Diya Reddy","Male","Civil","Year 3",8.3,4,8.4,5,67.3,5,0.8,"High"
"STU1059","Diya Deshmukh","Male","Civil","Year 1",5.7,6,8.8,1,86.4,2,1.6,"Low"
"STU1060","Aditi Rao","Male","Biotechnology","Year 2",7.3,4.9,9.2,4,83.8,3,0.7,"Moderate"
"STU1061","Yash Bose","Non-Binary","Computer Science","Year 3",3.4,7,6.5,2,82.3,2,0.8,"Low"
"STU1062","Ananya Menon","Female","Computer Science","Year 2",4.4,6.6,6.1,3,77.6,1,3.2,"Low"
"STU1063","Chris Mehta","Non-Binary","Computer Science","Year 1",7.3,5.8,8.8,3,92.2,3,2.1,"Low"
"STU1064","Alex Kumar","Male","Computer Science","Year 2",6.2,3.9,9.9,4,72.2,4,1.2,"High"
"STU1065","Aditi Nair","Female","Biotechnology","Year 2",7.9,4.6,10.9,4,76,3,1.7,"High"
"STU1066","Jordan Singh","Non-Binary","Electronics","Year 1",5,7.7,7,2,80.9,2,1.3,"Low"
"STU1067","Diya Mehta","Female","Electronics","Year 4",6.5,4.9,7.5,3,79.3,5,1.6,"Moderate"
"STU1068","Taylor Pillai","Non-Binary","Computer Science","Year 2",3.8,7.2,5.5,2,92.1,2,1.5,"Moderate"
"STU1069","Neha Mehta","Female","Computer Science","Year 3",5,5.1,8.1,4,72,4,1.2,"Moderate"
"STU1070","Kavya Kumar","Male","Biotechnology","Year 1",6.9,4.4,10.7,4,80.8,5,1.1,"High"
"STU1071","Deepak Pillai","Non-Binary","Electronics","Year 1",8.5,3.9,8.6,5,77.1,5,0.4,"High"
"STU1072","Aarav Iyer","Female","Computer Science","Year 1",5.8,6.1,10.4,3,92.4,3,1.8,"Moderate"
"STU1073","Tanvi Singh","Non-Binary","Mechanical","Year 2",7.3,5.4,10.9,3,89.5,4,1.8,"Moderate"
"STU1074","Ishaan Deshmukh","Non-Binary","Electronics","Year 2",4.3,6.7,8,2,83.4,3,1.2,"Low"
"STU1075","Arjun Chopra","Male","Computer Science","Year 1",5.1,5.5,8.1,4,87.6,3,0.7,"Moderate"
"STU1076","Riya Nair","Non-Binary","Computer Science","Year 4",5.9,4.6,9.9,3,78.1,4,1.6,"Low"
"STU1077","Neha Kapoor","Non-Binary","Electronics","Year 1",4,7.6,6.7,2,78.8,2,0.9,"Low"
"STU1078","Manish Mehta","Female","Computer Science","Year 4",6.5,4.6,8.2,3,90.2,3,1.4,"Moderate"
"STU1079","Rahul Singh","Non-Binary","Mechanical","Year 4",4.6,7.1,7.5,3,85.2,2,1,"Moderate"
"STU1080","Yash Menon","Male","Electronics","Year 2",3.3,6.8,6.7,2,76.1,1,1.1,"Low"
"STU1081","Manish Reddy","Female","Mechanical","Year 4",3.4,5.6,7.3,3,87.4,4,0.8,"Moderate"
"STU1082","Pooja Joshi","Female","Mechanical","Year 2",3.8,7,8.5,3,81.6,2,0.4,"Low"
"STU1083","Ananya Chopra","Male","Biotechnology","Year 2",5,5,8.1,4,79.7,5,0.6,"High"
"STU1084","Siddharth Pillai","Female","Mechanical","Year 4",3.6,6.5,5,4,89.5,4,0.8,"Moderate"
"STU1085","Deepak Singh","Female","Mechanical","Year 1",6.1,5.1,9.8,3,81.8,1,1.8,"Low"
"STU1086","Morgan Rao","Female","Electronics","Year 2",7.3,4,11.8,4,80.3,3,0.4,"Moderate"
"STU1087","Rohan Verma","Male","Mechanical","Year 2",6.3,3.8,5.5,5,75.8,5,1.6,"High"
"STU1088","Deepak Patel","Male","Computer Science","Year 2",5.1,4.6,9.9,3,86.5,3,1.7,"Moderate"
"STU1089","Chris Verma","Male","Biotechnology","Year 2",7,4.8,9.9,4,85,2,0.5,"Moderate"
"STU1090","Aditi Joshi","Female","Computer Science","Year 1",8.5,3.5,11,5,83.7,5,2.1,"High"
"STU1091","Varun Bhat","Female","Civil","Year 1",6.9,3.5,8.4,4,82,4,0.2,"High"
"STU1092","Morgan Iyer","Male","Computer Science","Year 1",5.8,5.8,9.7,3,81.7,3,2,"Low"
"STU1093","Tanvi Nair","Female","Computer Science","Year 2",5.5,5.6,9.4,3,70,5,0.5,"High"
"STU1094","Varun Bose","Non-Binary","Biotechnology","Year 3",6.3,4.1,8.8,5,85.6,5,1.1,"High"
"STU1095","Deepak Bose","Male","Computer Science","Year 2",5.5,5.4,9.7,3,90.5,3,1.4,"Low"
"STU1096","Rohan Kumar","Female","Electronics","Year 1",6.5,5.1,9.8,3,88.3,2,0.9,"Low"
"STU1097","Kavya Sharma","Male","Electronics","Year 3",3.4,6.2,7,2,84.3,2,1.1,"Low"
"STU1098","Jordan Joshi","Female","Mechanical","Year 4",6.5,5.8,10.7,3,89.8,3,1.5,"Moderate"
"STU1099","Kavya Sharma","Non-Binary","Electronics","Year 4",7,5,8.2,4,88.7,3,1,"High"
"STU1100","Alex Iyer","Female","Computer Science","Year 1",6.6,5.3,8.7,4,83.4,3,1.3,"Moderate"
"STU1101","Arjun Das","Non-Binary","Computer Science","Year 1",5.3,4.8,6.2,3,84.2,2,1.7,"Moderate"
"STU1102","Sam Nair","Non-Binary","Computer Science","Year 2",8.5,3.5,10.9,4,70.5,2,1.8,"Moderate"
"STU1103","Arjun Chopra","Male","Electronics","Year 4",5.4,6.1,6.6,3,93.6,4,2.2,"Moderate"
"STU1104","Ishaan Reddy","Female","Mechanical","Year 2",5.6,5.5,6.8,4,83.5,5,0.4,"High"
"STU1105","Neha Chopra","Male","Computer Science","Year 4",3.6,7.1,6.1,1,91.9,1,2.8,"Low"
"STU1106","Varun Rao","Female","Electronics","Year 2",4.6,5.1,5.1,3,90.5,3,1.2,"Moderate"
"STU1107","Riya Menon","Female","Computer Science","Year 1",6.6,4.1,8.9,5,78.8,4,1,"High"
"STU1108","Alex Reddy","Female","Electronics","Year 3",3,5.3,5.6,3,79.1,4,1.5,"Moderate"
"STU1109","Chris Das","Female","Biotechnology","Year 1",5.7,5.8,6.9,3,83,3,1.4,"Low"
"STU1110","Vidya Verma","Female","Electronics","Year 3",3.7,7.9,6.6,2,80.9,3,1.3,"Low"
"STU1111","Siddharth Patel","Non-Binary","Computer Science","Year 3",6.2,3.9,9.4,3,88.4,4,1.1,"Moderate"
"STU1112","Chris Sharma","Male","Biotechnology","Year 2",4.4,5.4,7.8,3,83.1,1,1.3,"Moderate"
"STU1113","Tanvi Kapoor","Female","Computer Science","Year 2",6.4,5.1,9.6,4,81.2,4,2.6,"Moderate"
"STU1114","Rahul Bose","Male","Computer Science","Year 2",5.1,6.7,7.2,3,82.6,2,1.9,"Low"
"STU1115","Manish Kumar","Non-Binary","Biotechnology","Year 4",6.8,4.3,9.6,4,88.6,4,1.6,"High"
"STU1116","Sam Mehta","Female","Biotechnology","Year 3",4.7,5.8,9.8,3,77,3,1.2,"Moderate"
"STU1117","Alex Singh","Female","Computer Science","Year 3",8.7,3.6,8.8,5,78.5,4,0,"High"
"STU1118","Pooja Reddy","Male","Biotechnology","Year 2",5.3,6.5,8.1,3,75.3,4,1.4,"Moderate"
"STU1119","Sam Pillai","Non-Binary","Biotechnology","Year 1",8.8,4.6,11.5,4,81.8,5,1.1,"High"
"STU1120","Taylor Menon","Female","Computer Science","Year 4",8.4,4.6,10.4,3,84.4,4,1.4,"Moderate"
"STU1121","Siddharth Chopra","Female","Computer Science","Year 3",7.3,4.1,11.4,4,84.2,3,1,"Moderate"
"STU1122","Kavya Singh","Non-Binary","Electronics","Year 1",5.3,5.1,9.9,4,82.1,4,1.8,"Moderate"
"STU1123","Jordan Mehta","Non-Binary","Computer Science","Year 1",5.2,5,7.3,3,88.4,4,2.3,"Moderate"
"STU1124","Diya Pillai","Female","Electronics","Year 4",5.9,3.5,9.2,4,81.9,4,1.6,"Moderate"
"STU1125","Aarav Kapoor","Non-Binary","Computer Science","Year 2",8.2,3.8,8.7,4,82.6,3,0.6,"High"
"STU1126","Riya Joshi","Non-Binary","Biotechnology","Year 2",5.9,6.3,8,2,95.3,2,1.7,"Low"
"STU1127","Rohan Patel","Female","Computer Science","Year 2",4.7,5.8,9.1,3,89.5,4,2.2,"Moderate"
"STU1128","Deepak Bose","Male","Biotechnology","Year 3",4.1,6.5,7.4,2,95.8,1,2,"Low"
"STU1129","Manish Singh","Male","Electronics","Year 1",4,4.8,7.9,3,88.8,3,0.9,"Moderate"
"STU1130","Jordan Verma","Female","Electronics","Year 4",6.3,5.4,9.9,3,81.5,2,1.1,"Moderate"
"STU1131","Siddharth Deshmukh","Female","Computer Science","Year 4",6,5.6,7.2,3,85,2,0.7,"Moderate"
"STU1132","Taylor Menon","Male","Electronics","Year 3",7.9,5.6,9,4,71.9,5,1.5,"High"
"STU1133","Pooja Pillai","Female","Mechanical","Year 2",2.9,5.2,7.8,2,88.3,1,1.3,"Low"
"STU1134","Neha Joshi","Non-Binary","Computer Science","Year 1",5.7,4.8,8.3,3,83.7,2,1.9,"Low"
"STU1135","Neha Deshmukh","Female","Biotechnology","Year 3",5.8,5,7.7,4,88.1,3,1.8,"High"
"STU1136","Morgan Singh","Male","Electronics","Year 4",6.4,4.4,8.7,3,87.7,2,1.9,"Low"
"STU1137","Aarav Rao","Female","Electronics","Year 4",6.9,6.4,6.6,3,91.2,3,1.1,"Moderate"
"STU1138","Sam Das","Male","Computer Science","Year 1",4.3,6.7,6.2,3,98.4,2,0.7,"Moderate"
"STU1139","Sam Menon","Female","Computer Science","Year 2",5.8,5.7,8.7,3,79.4,3,0.8,"Moderate"
"STU1140","Vidya Pillai","Male","Computer Science","Year 4",4,5.4,5.1,3,83.9,3,1.4,"Moderate"
"STU1141","Tanvi Pillai","Male","Biotechnology","Year 2",7.1,4.6,9.2,4,81.7,3,0.8,"Moderate"
"STU1142","Rohan Singh","Male","Computer Science","Year 2",2.5,7,6.7,2,83.5,2,2.3,"Low"
"STU1143","Rohan Bhat","Male","Computer Science","Year 2",7.9,5.4,7.9,3,95,3,1.3,"Moderate"
"STU1144","Sneha Verma","Non-Binary","Biotechnology","Year 1",9.1,3.6,11.5,4,76.4,3,0,"High"
"STU1145","Diya Iyer","Female","Computer Science","Year 4",8.6,3.5,9.1,5,78.3,4,1.2,"High"
"STU1146","Morgan Reddy","Female","Biotechnology","Year 1",6.3,4.9,9,4,84.1,5,2.1,"High"
"STU1147","Sneha Sharma","Non-Binary","Computer Science","Year 3",7.2,4.8,7.5,4,83.1,4,0.7,"Moderate"
"STU1148","Pooja Joshi","Female","Computer Science","Year 3",2.2,7.5,6.2,1,88.9,2,2.1,"Low"
"STU1149","Deepak Bose","Male","Computer Science","Year 2",2.3,6.7,7.8,2,85.6,2,1.4,"Low"
"STU1150","Siddharth Pillai","Female","Computer Science","Year 4",6.8,5.1,8.2,4,82.1,4,0.3,"High"
"STU1151","Tanvi Chopra","Female","Electronics","Year 4",1.5,7.9,4.9,1,86.2,1,1.6,"Low"
"STU1152","Chris Pillai","Female","Electronics","Year 3",4.2,5.1,8.6,3,81.6,3,1.2,"Moderate"
"STU1153","Tanvi Nair","Female","Computer Science","Year 1",5,4.7,10.8,3,89.9,3,1.1,"Moderate"
"STU1154","Varun Chopra","Female","Civil","Year 4",5.7,6.8,8.2,2,95.9,1,1.8,"Low"
"STU1155","Aditi Singh","Male","Civil","Year 3",8.6,3.6,11.7,5,73.7,5,0,"High"
"STU1156","Diya Reddy","Female","Civil","Year 3",6.2,5.6,9.6,3,84.1,3,1.9,"Moderate"
"STU1157","Chris Pillai","Male","Computer Science","Year 1",2.2,8.6,6,1,93.8,1,1.3,"Low"
"STU1158","Diya Verma","Female","Computer Science","Year 1",4.6,8.1,9.5,1,91.4,1,1.8,"Low"
"STU1159","Diya Nair","Female","Computer Science","Year 3",7.3,4.2,6.3,5,88.5,5,1,"High"
"STU1160","Yash Mehta","Non-Binary","Electronics","Year 4",8.3,3.5,9.8,4,78.5,5,1.5,"High"
"STU1161","Sneha Kumar","Male","Electronics","Year 2",2.5,6.7,8.2,2,84.4,1,0.7,"Low"
"STU1162","Aditi Nair","Female","Civil","Year 3",4.9,4.4,8.9,3,87.5,2,0.7,"Low"
"STU1163","Neha Rao","Non-Binary","Mechanical","Year 2",3.1,8.3,7.8,1,87.3,1,1.8,"Low"
"STU1164","Jordan Joshi","Female","Electronics","Year 3",6,4.9,10.7,3,96.5,3,0.5,"Moderate"
"STU1165","Rahul Singh","Female","Computer Science","Year 1",4.7,4,8,3,81.5,4,1.4,"High"
"STU1166","Taylor Kapoor","Female","Civil","Year 4",4.8,6.2,8.5,2,89.1,2,1.5,"Low"
"STU1167","Manish Sharma","Female","Computer Science","Year 2",2.8,5.9,7.7,3,90.2,2,2.5,"Moderate"
"STU1168","Aarav Mehta","Non-Binary","Electronics","Year 3",2.6,8.3,5.5,1,83.3,1,1,"Low"
"STU1169","Aditi Singh","Female","Mechanical","Year 4",6,4.4,9.5,4,88.7,4,0.8,"High"
"STU1170","Morgan Deshmukh","Male","Mechanical","Year 1",6.7,5.9,10.3,4,73.6,4,0.2,"High"
"STU1171","Morgan Chopra","Male","Computer Science","Year 4",3.4,7.1,6.3,2,81.5,2,1.1,"Low"
"STU1172","Aditi Sharma","Male","Electronics","Year 3",2.8,6.1,5.1,2,99,1,2.5,"Low"
"STU1173","Sam Kumar","Male","Biotechnology","Year 3",7.7,3.5,9.3,5,85.9,5,0,"High"
"STU1174","Pooja Iyer","Female","Civil","Year 1",4.4,6.2,7.7,2,81.7,3,2.4,"Low"
"STU1175","Rohan Patel","Male","Computer Science","Year 3",6,3.5,7.8,5,67.5,5,1.3,"High"
"STU1176","Aditi Nair","Female","Biotechnology","Year 3",1.6,7.6,4.7,1,73.9,1,2.3,"Low"
"STU1177","Aditi Rao","Non-Binary","Computer Science","Year 3",6.1,4.9,9.5,4,93.7,3,0.3,"Moderate"
"STU1178","Neha Singh","Female","Computer Science","Year 2",4.2,6.1,6.3,2,95,3,2.1,"Moderate"
"STU1179","Sam Bose","Female","Mechanical","Year 1",7.6,3.5,9.9,4,77.3,5,1.7,"Moderate"
"STU1180","Chris Verma","Male","Computer Science","Year 3",5.8,6.6,8.9,3,76.3,2,0.4,"Moderate"
"STU1181","Deepak Iyer","Male","Biotechnology","Year 1",5.1,8.2,9.5,1,99,1,2.5,"Low"
"STU1182","Neha Bose","Female","Mechanical","Year 3",5.6,7.2,8.3,3,89.8,3,1.1,"Moderate"
"STU1183","Tanvi Mehta","Male","Electronics","Year 2",6.9,5.7,6.5,3,80.4,4,2.2,"Low"
"STU1184","Tanvi Joshi","Male","Computer Science","Year 2",3.5,5.8,7.9,3,83.6,3,1,"Low"
"STU1185","Deepak Joshi","Male","Computer Science","Year 4",4.1,5.9,7.3,3,93.8,5,1.4,"Moderate"
"STU1186","Ananya Patel","Non-Binary","Computer Science","Year 3",5.2,4.1,10.2,4,87.9,4,0.6,"Moderate"
"STU1187","Rohan Menon","Female","Biotechnology","Year 3",2.1,7.7,7,2,80.2,3,1.9,"Moderate"
"STU1188","Rohan Singh","Male","Computer Science","Year 3",6.7,3.5,6.9,4,83.9,5,1.7,"High"
"STU1189","Taylor Sharma","Male","Computer Science","Year 1",2.9,5.3,6.9,3,90.7,3,1.7,"Moderate"
"STU1190","Aarav Gupta","Male","Electronics","Year 2",5.3,7.3,6.8,2,91.8,4,1,"Low"
"STU1191","Deepak Bose","Male","Mechanical","Year 3",4.3,8.7,4.9,2,92.2,3,2.3,"Low"
"STU1192","Ananya Rao","Male","Biotechnology","Year 4",5.8,5.5,9.6,3,81,4,1,"Moderate"
"STU1193","Chris Nair","Female","Computer Science","Year 3",5.5,6.8,5.8,3,88,3,1.4,"Moderate"
"STU1194","Taylor Joshi","Female","Electronics","Year 4",8.2,3.5,12,4,93.8,5,1.8,"High"
"STU1195","Riya Iyer","Non-Binary","Mechanical","Year 2",5.7,6.1,7.9,3,74.5,3,1.5,"Moderate"
"STU1196","Pooja Mehta","Female","Electronics","Year 1",4.8,6.2,7.1,2,79.5,3,1.3,"Moderate"
"STU1197","Yash Gupta","Male","Computer Science","Year 3",3.1,5,5.7,3,93.5,3,1.6,"Moderate"
"STU1198","Taylor Bhat","Non-Binary","Electronics","Year 1",7.4,4.1,7.3,4,93.3,5,0.7,"High"
"STU1199","Tanvi Chopra","Female","Civil","Year 2",7.2,3.6,9.9,5,88.5,5,0.5,"High"
"STU1200","Yash Singh","Female","Computer Science","Year 3",2.9,5.4,4.5,3,90.8,3,2.4,"Moderate"
