"Student_ID","Name","Gender","Department","Academic_Year","Study_Hours_Per_Day","Sleep_Hours_Per_Day","Screen_Time_Hours","Academic_Workload","Attendance_Percentage","Assignment_Pressure","Physical_Activity_Hours","Reported_Stress_Level","Sleep_Tier","Activity_Tier","Calculated_Stress_Score","Stress_Category","Sleep_to_Screen_Ratio","Study_to_Sleep_Ratio"
"STU1001","Tanvi Iyer","Female","Mechanical","Year 3",3.6,6.8,7.5,2,88.9,2,1.8,"Low","Normal Sleep (6-7.5h)","Moderate (1-2h)",21.4,"Low",0.91,0.53
"STU1002","Deepak Bose","Male","Computer Science","Year 4",4.2,6,7.6,3,78.3,3,1.3,"Moderate","Normal Sleep (6-7.5h)","Moderate (1-2h)",42.7,"Moderate",0.79,0.7
"STU1003","Aarav Kumar","Female","Electronics","Year 1",2.8,7.4,8.7,2,90.1,3,2.3,"Low","Normal Sleep (6-7.5h)","Active (>2h)",23.6,"Low",0.85,0.38
"STU1004","Sam Deshmukh","Female","Civil","Year 1",6.3,5.8,10.2,3,89,5,0.4,"High","Short Sleep (<6h)","Sedentary (<1h)",61.8,"Moderate",0.57,1.09
"STU1005","Neha Mehta","Male","Electronics","Year 1",4.8,5.4,8.6,4,83.4,4,2,"High","Short Sleep (<6h)","Moderate (1-2h)",54.3,"Moderate",0.63,0.89
"STU1006","Arjun Deshmukh","Male","Civil","Year 2",4.9,7.8,8.9,2,74.7,2,1.5,"Low","Optimal Sleep (>7.5h)","Moderate (1-2h)",23.1,"Low",0.88,0.63
"STU1007","Varun Das","Male","Biotechnology","Year 4",5.7,5.9,6.9,4,73.1,5,1.9,"High","Short Sleep (<6h)","Moderate (1-2h)",59.8,"Moderate",0.86,0.97
"STU1008","Taylor Deshmukh","Non-Binary","Mechanical","Year 2",6.5,5.4,11.7,3,97.3,3,1.1,"Moderate","Short Sleep (<6h)","Moderate (1-2h)",49.6,"Moderate",0.46,1.2
"STU1009","Tanvi Bose","Female","Biotechnology","Year 3",6.3,5.2,7,3,94.3,2,2.4,"Moderate","Short Sleep (<6h)","Active (>2h)",32,"Low",0.74,1.21
"STU1010","Sneha Sharma","Female","Civil","Year 3",4.5,5.3,7.5,3,84.4,3,1.3,"Moderate","Short Sleep (<6h)","Moderate (1-2h)",44.1,"Moderate",0.71,0.85
"STU1011","Morgan Deshmukh","Non-Binary","Computer Science","Year 1",3.7,7.4,5.2,2,92.6,2,1.3,"Low","Normal Sleep (6-7.5h)","Moderate (1-2h)",18,"Low",1.42,0.5
"STU1012","Ishaan Sharma","Male","Computer Science","Year 4",3.1,6.2,6.2,2,79.8,2,2,"Low","Normal Sleep (6-7.5h)","Moderate (1-2h)",23.5,"Low",1,0.5
"STU1013","Arjun Verma","Female","Computer Science","Year 2",1.9,7.1,9,2,90.9,1,1.3,"Low","Normal Sleep (6-7.5h)","Moderate (1-2h)",18,"Low",0.79,0.27
"STU1014","Sam Gupta","Non-Binary","Biotechnology","Year 3",6.5,6,9.6,3,79.7,4,1.4,"Moderate","Normal Sleep (6-7.5h)","Moderate (1-2h)",50.5,"Moderate",0.62,1.08
"STU1015","Deepak Bhat","Female","Biotechnology","Year 1",6.8,4.4,8.6,4,76.8,5,2,"High","Short Sleep (<6h)","Moderate (1-2h)",67.7,"Moderate",0.51,1.55
"STU1016","Rohan Patel","Female","Computer Science","Year 4",7,5.5,10.2,3,84.9,3,0.3,"Moderate","Short Sleep (<6h)","Sedentary (<1h)",51.3,"Moderate",0.54,1.27
"STU1017","Yash Rao","Female","Electronics","Year 1",5.5,6.7,7.5,3,88.4,3,0.8,"Moderate","Normal Sleep (6-7.5h)","Sedentary (<1h)",39.4,"Low",0.89,0.82
"STU1018","Taylor Das","Female","Mechanical","Year 3",8,6.3,10.6,3,81.1,3,1.3,"Low","Normal Sleep (6-7.5h)","Moderate (1-2h)",44.1,"Moderate",0.59,1.27
"STU1019","Varun Chopra","Non-Binary","Electronics","Year 2",3.4,7.7,6.8,2,83.4,1,2.7,"Low","Optimal Sleep (>7.5h)","Active (>2h)",5.8,"Low",1.13,0.44
"STU1020","Sneha Sharma","Male","Electronics","Year 1",3.8,7.9,5.7,2,93.2,1,2.1,"Low","Optimal Sleep (>7.5h)","Active (>2h)",5.9,"Low",1.39,0.48
"STU1021","Ananya Pillai","Male","Civil","Year 2",4,5.3,9.3,3,94.6,2,0.9,"Moderate","Short Sleep (<6h)","Sedentary (<1h)",41.9,"Low",0.57,0.75
"STU1022","Manish Rao","Female","Electronics","Year 2",8,4,9.6,4,82.3,3,1.2,"Moderate","Short Sleep (<6h)","Moderate (1-2h)",60.7,"Moderate",0.42,2
"STU1023","Sam Kapoor","Male","Computer Science","Year 1",6.5,6.2,8.6,4,74.3,5,1.2,"Moderate","Normal Sleep (6-7.5h)","Moderate (1-2h)",63.6,"Moderate",0.72,1.05
"STU1024","Arjun Nair","Female","Mechanical","Year 4",6,6.7,7,2,86.2,2,1.5,"Low","Normal Sleep (6-7.5h)","Moderate (1-2h)",22.8,"Low",0.96,0.9
"STU1025","Deepak Bhat","Male","Mechanical","Year 3",6.1,5.3,10.7,4,85.7,4,1,"High","Short Sleep (<6h)","Moderate (1-2h)",61.9,"Moderate",0.5,1.15
"STU1026","Riya Singh","Male","Computer Science","Year 1",8.9,4.2,9,5,72.1,5,0.1,"High","Short Sleep (<6h)","Sedentary (<1h)",86.6,"High",0.47,2.12
"STU1027","Deepak Reddy","Male","Computer Science","Year 3",5,7.6,8.5,1,100,2,2.1,"Low","Optimal Sleep (>7.5h)","Active (>2h)",10.9,"Low",0.89,0.66
"STU1028","Yash Mehta","Female","Electronics","Year 3",5.2,6.1,9.4,4,89.2,5,0.4,"High","Normal Sleep (6-7.5h)","Sedentary (<1h)",65.5,"Moderate",0.65,0.85
"STU1029","Aditi Mehta","Female","Computer Science","Year 1",4.1,5.4,9.6,3,96.3,4,1.9,"Moderate","Short Sleep (<6h)","Moderate (1-2h)",49.2,"Moderate",0.56,0.76
"STU1030","Kavya Patel","Non-Binary","Electronics","Year 2",5.8,5.2,9.9,3,76.7,3,0.6,"Moderate","Short Sleep (<6h)","Sedentary (<1h)",53.6,"Moderate",0.53,1.12
"STU1031","Ananya Menon","Female","Civil","Year 3",7.3,3.5,10.9,5,76.6,5,1.3,"High","Short Sleep (<6h)","Moderate (1-2h)",84.9,"High",0.32,2.09
"STU1032","Taylor Kapoor","Female","Computer Science","Year 4",4.6,6.1,8.2,2,87.8,1,2.4,"Low","Normal Sleep (6-7.5h)","Active (>2h)",16.5,"Low",0.74,0.75
"STU1033","Aarav Kapoor","Non-Binary","Computer Science","Year 2",7.7,3.5,9.3,5,81.6,5,1.4,"High","Short Sleep (<6h)","Moderate (1-2h)",80.8,"High",0.38,2.2
"STU1034","Neha Bose","Female","Electronics","Year 3",2.7,8.8,8.2,1,89.2,2,3.5,"Low","Optimal Sleep (>7.5h)","Active (>2h)",5,"Low",1.07,0.31
"STU1035","Morgan Bhat","Female","Computer Science","Year 4",5,4.3,8.2,4,77.7,4,0,"High","Short Sleep (<6h)","Sedentary (<1h)",71.2,"High",0.52,1.16
"STU1036","Pooja Sharma","Non-Binary","Electronics","Year 3",4.1,6.2,8.2,3,89.8,4,0.8,"Moderate","Normal Sleep (6-7.5h)","Sedentary (<1h)",49,"Moderate",0.76,0.66
"STU1037","Sneha Nair","Non-Binary","Computer Science","Year 2",2.3,8.3,5,2,90.7,2,0.5,"Low","Optimal Sleep (>7.5h)","Sedentary (<1h)",17.2,"Low",1.66,0.28
"STU1038","Chris Kumar","Female","Civil","Year 4",5.3,4.3,9.2,3,84.7,3,1.3,"Moderate","Short Sleep (<6h)","Moderate (1-2h)",51.1,"Moderate",0.47,1.23
"STU1039","Taylor Mehta","Non-Binary","Civil","Year 3",6,6,8,3,85.7,4,0.5,"High","Normal Sleep (6-7.5h)","Sedentary (<1h)",51.2,"Moderate",0.75,1
"STU1040","Kavya Bose","Female","Biotechnology","Year 1",7.8,3.5,10.2,4,77.2,4,1.2,"Moderate","Short Sleep (<6h)","Moderate (1-2h)",71.8,"High",0.34,2.23
"STU1041","Arjun Das","Non-Binary","Biotechnology","Year 1",4.5,6.8,7.7,3,84.4,4,1.3,"Moderate","Normal Sleep (6-7.5h)","Moderate (1-2h)",43.1,"Moderate",0.88,0.66
"STU1042","Arjun Rao","Female","Civil","Year 4",6.1,5.9,8.2,3,87.8,3,0,"Low","Short Sleep (<6h)","Sedentary (<1h)",48.2,"Moderate",0.72,1.03
"STU1043","Chris Kumar","Female","Electronics","Year 3",4.7,5.3,5.6,4,74.7,4,1.3,"Moderate","Short Sleep (<6h)","Moderate (1-2h)",57.4,"Moderate",0.95,0.89
"STU1044","Varun Kapoor","Female","Computer Science","Year 1",3.5,6.7,7.2,2,87.7,4,2.4,"Low","Normal Sleep (6-7.5h)","Active (>2h)",31,"Low",0.93,0.52
"STU1045","Riya Verma","Female","Computer Science","Year 4",6.9,3.5,7.7,4,75.2,3,0.6,"High","Short Sleep (<6h)","Sedentary (<1h)",66.1,"Moderate",0.45,1.97
"STU1046","Deepak Nair","Male","Biotechnology","Year 3",3.5,5.4,6.1,3,91.6,4,0.4,"Moderate","Short Sleep (<6h)","Sedentary (<1h)",52.4,"Moderate",0.89,0.65
"STU1047","Arjun Sharma","Non-Binary","Civil","Year 4",7.1,3.8,10.4,4,78.1,5,1.7,"High","Short Sleep (<6h)","Moderate (1-2h)",74,"High",0.37,1.87
"STU1048","Aditi Joshi","Non-Binary","Civil","Year 2",7,4.6,11.5,5,74.6,5,0.8,"High","Short Sleep (<6h)","Sedentary (<1h)",83.3,"High",0.4,1.52
"STU1049","Morgan Bhat","Female","Computer Science","Year 2",2.2,7.6,7.4,1,84.4,2,2.8,"Low","Optimal Sleep (>7.5h)","Active (>2h)",6.2,"Low",1.03,0.29
"STU1050","Varun Deshmukh","Female","Mechanical","Year 4",5.4,4.7,7.5,4,85.1,3,0.6,"High","Short Sleep (<6h)","Sedentary (<1h)",56.6,"Moderate",0.63,1.15
"STU1051","Ananya Kumar","Female","Biotechnology","Year 3",4.2,6.1,7.9,2,85.2,2,1.1,"Moderate","Normal Sleep (6-7.5h)","Moderate (1-2h)",28.9,"Low",0.77,0.69
"STU1052","Morgan Menon","Female","Computer Science","Year 2",4.6,6.4,8.1,2,83.5,1,2.3,"Low","Normal Sleep (6-7.5h)","Active (>2h)",15.9,"Low",0.79,0.72
"STU1053","Jordan Verma","Male","Electronics","Year 3",8.1,3.5,10.3,5,70.8,4,1.6,"High","Short Sleep (<6h)","Moderate (1-2h)",78.4,"High",0.34,2.31
"STU1054","Tanvi Singh","Non-Binary","Computer Science","Year 1",1.8,8.5,6,1,97.9,1,1.2,"Low","Optimal Sleep (>7.5h)","Moderate (1-2h)",5,"Low",1.42,0.21
"STU1055","Alex Iyer","Female","Electronics","Year 2",5.6,5.3,6.9,4,85.9,3,1.4,"Moderate","Short Sleep (<6h)","Moderate (1-2h)",48.9,"Moderate",0.77,1.06
"STU1056","Taylor Bose","Female","Electronics","Year 1",3.4,7.7,7.8,2,89.1,2,1.3,"Low","Optimal Sleep (>7.5h)","Moderate (1-2h)",19.8,"Low",0.99,0.44
"STU1057","Varun Kapoor","Male","Civil","Year 3",6.1,5.2,7.9,3,81.9,2,1.5,"Low","Short Sleep (<6h)","Moderate (1-2h)",38.7,"Low",0.66,1.17
"STU1058","Diya Reddy","Male","Civil","Year 3",8.3,4,8.4,5,67.3,5,0.8,"High","Short Sleep (<6h)","Sedentary (<1h)",84.9,"High",0.48,2.08
"STU1059","Diya Deshmukh","Male","Civil","Year 1",5.7,6,8.8,1,86.4,2,1.6,"Low","Normal Sleep (6-7.5h)","Moderate (1-2h)",21.8,"Low",0.68,0.95
"STU1060","Aditi Rao","Male","Biotechnology","Year 2",7.3,4.9,9.2,4,83.8,3,0.7,"Moderate","Short Sleep (<6h)","Sedentary (<1h)",57.6,"Moderate",0.53,1.49
"STU1061","Yash Bose","Non-Binary","Computer Science","Year 3",3.4,7,6.5,2,82.3,2,0.8,"Low","Normal Sleep (6-7.5h)","Sedentary (<1h)",25,"Low",1.08,0.49
"STU1062","Ananya Menon","Female","Computer Science","Year 2",4.4,6.6,6.1,3,77.6,1,3.2,"Low","Normal Sleep (6-7.5h)","Active (>2h)",17.1,"Low",1.08,0.67
"STU1063","Chris Mehta","Non-Binary","Computer Science","Year 1",7.3,5.8,8.8,3,92.2,3,2.1,"Low","Short Sleep (<6h)","Active (>2h)",39,"Low",0.66,1.26
"STU1064","Alex Kumar","Male","Computer Science","Year 2",6.2,3.9,9.9,4,72.2,4,1.2,"High","Short Sleep (<6h)","Moderate (1-2h)",71.1,"High",0.39,1.59
"STU1065","Aditi Nair","Female","Biotechnology","Year 2",7.9,4.6,10.9,4,76,3,1.7,"High","Short Sleep (<6h)","Moderate (1-2h)",58.9,"Moderate",0.42,1.72
"STU1066","Jordan Singh","Non-Binary","Electronics","Year 1",5,7.7,7,2,80.9,2,1.3,"Low","Optimal Sleep (>7.5h)","Moderate (1-2h)",20.1,"Low",1.1,0.65
"STU1067","Diya Mehta","Female","Electronics","Year 4",6.5,4.9,7.5,3,79.3,5,1.6,"Moderate","Short Sleep (<6h)","Moderate (1-2h)",58.8,"Moderate",0.65,1.33
"STU1068","Taylor Pillai","Non-Binary","Computer Science","Year 2",3.8,7.2,5.5,2,92.1,2,1.5,"Moderate","Normal Sleep (6-7.5h)","Moderate (1-2h)",18.4,"Low",1.31,0.53
"STU1069","Neha Mehta","Female","Computer Science","Year 3",5,5.1,8.1,4,72,4,1.2,"Moderate","Short Sleep (<6h)","Moderate (1-2h)",63,"Moderate",0.63,0.98
"STU1070","Kavya Kumar","Male","Biotechnology","Year 1",6.9,4.4,10.7,4,80.8,5,1.1,"High","Short Sleep (<6h)","Moderate (1-2h)",73.5,"High",0.41,1.57
"STU1071","Deepak Pillai","Non-Binary","Electronics","Year 1",8.5,3.9,8.6,5,77.1,5,0.4,"High","Short Sleep (<6h)","Sedentary (<1h)",84.4,"High",0.45,2.18
"STU1072","Aarav Iyer","Female","Computer Science","Year 1",5.8,6.1,10.4,3,92.4,3,1.8,"Moderate","Normal Sleep (6-7.5h)","Moderate (1-2h)",41,"Low",0.59,0.95
"STU1073","Tanvi Singh","Non-Binary","Mechanical","Year 2",7.3,5.4,10.9,3,89.5,4,1.8,"Moderate","Short Sleep (<6h)","Moderate (1-2h)",51.4,"Moderate",0.5,1.35
"STU1074","Ishaan Deshmukh","Non-Binary","Electronics","Year 2",4.3,6.7,8,2,83.4,3,1.2,"Low","Normal Sleep (6-7.5h)","Moderate (1-2h)",32.3,"Low",0.84,0.64
"STU1075","Arjun Chopra","Male","Computer Science","Year 1",5.1,5.5,8.1,4,87.6,3,0.7,"Moderate","Short Sleep (<6h)","Sedentary (<1h)",52.9,"Moderate",0.68,0.93
"STU1076","Riya Nair","Non-Binary","Computer Science","Year 4",5.9,4.6,9.9,3,78.1,4,1.6,"Low","Short Sleep (<6h)","Moderate (1-2h)",57.4,"Moderate",0.46,1.28
"STU1077","Neha Kapoor","Non-Binary","Electronics","Year 1",4,7.6,6.7,2,78.8,2,0.9,"Low","Optimal Sleep (>7.5h)","Sedentary (<1h)",22.9,"Low",1.13,0.53
"STU1078","Manish Mehta","Female","Computer Science","Year 4",6.5,4.6,8.2,3,90.2,3,1.4,"Moderate","Short Sleep (<6h)","Moderate (1-2h)",47.8,"Moderate",0.56,1.41
"STU1079","Rahul Singh","Non-Binary","Mechanical","Year 4",4.6,7.1,7.5,3,85.2,2,1,"Moderate","Normal Sleep (6-7.5h)","Moderate (1-2h)",30.1,"Low",0.95,0.65
"STU1080","Yash Menon","Male","Electronics","Year 2",3.3,6.8,6.7,2,76.1,1,1.1,"Low","Normal Sleep (6-7.5h)","Moderate (1-2h)",20.6,"Low",1.01,0.49
"STU1081","Manish Reddy","Female","Mechanical","Year 4",3.4,5.6,7.3,3,87.4,4,0.8,"Moderate","Short Sleep (<6h)","Sedentary (<1h)",50.9,"Moderate",0.77,0.61
"STU1082","Pooja Joshi","Female","Mechanical","Year 2",3.8,7,8.5,3,81.6,2,0.4,"Low","Normal Sleep (6-7.5h)","Sedentary (<1h)",36,"Low",0.82,0.54
"STU1083","Ananya Chopra","Male","Biotechnology","Year 2",5,5,8.1,4,79.7,5,0.6,"High","Short Sleep (<6h)","Sedentary (<1h)",70.1,"High",0.62,1
"STU1084","Siddharth Pillai","Female","Mechanical","Year 4",3.6,6.5,5,4,89.5,4,0.8,"Moderate","Normal Sleep (6-7.5h)","Sedentary (<1h)",49.8,"Moderate",1.3,0.55
"STU1085","Deepak Singh","Female","Mechanical","Year 1",6.1,5.1,9.8,3,81.8,1,1.8,"Low","Short Sleep (<6h)","Moderate (1-2h)",33.8,"Low",0.52,1.2
"STU1086","Morgan Rao","Female","Electronics","Year 2",7.3,4,11.8,4,80.3,3,0.4,"Moderate","Short Sleep (<6h)","Sedentary (<1h)",68.1,"High",0.34,1.82
"STU1087","Rohan Verma","Male","Mechanical","Year 2",6.3,3.8,5.5,5,75.8,5,1.6,"High","Short Sleep (<6h)","Moderate (1-2h)",75.4,"High",0.69,1.66
"STU1088","Deepak Patel","Male","Computer Science","Year 2",5.1,4.6,9.9,3,86.5,3,1.7,"Moderate","Short Sleep (<6h)","Moderate (1-2h)",48.4,"Moderate",0.46,1.11
"STU1089","Chris Verma","Male","Biotechnology","Year 2",7,4.8,9.9,4,85,2,0.5,"Moderate","Short Sleep (<6h)","Sedentary (<1h)",53.4,"Moderate",0.48,1.46
"STU1090","Aditi Joshi","Female","Computer Science","Year 1",8.5,3.5,11,5,83.7,5,2.1,"High","Short Sleep (<6h)","Active (>2h)",78.7,"High",0.32,2.43
"STU1091","Varun Bhat","Female","Civil","Year 1",6.9,3.5,8.4,4,82,4,0.2,"High","Short Sleep (<6h)","Sedentary (<1h)",73,"High",0.42,1.97
"STU1092","Morgan Iyer","Male","Computer Science","Year 1",5.8,5.8,9.7,3,81.7,3,2,"Low","Short Sleep (<6h)","Moderate (1-2h)",41.7,"Low",0.6,1
"STU1093","Tanvi Nair","Female","Computer Science","Year 2",5.5,5.6,9.4,3,70,5,0.5,"High","Short Sleep (<6h)","Sedentary (<1h)",66.2,"Moderate",0.6,0.98
"STU1094","Varun Bose","Non-Binary","Biotechnology","Year 3",6.3,4.1,8.8,5,85.6,5,1.1,"High","Short Sleep (<6h)","Moderate (1-2h)",77.5,"High",0.47,1.54
"STU1095","Deepak Bose","Male","Computer Science","Year 2",5.5,5.4,9.7,3,90.5,3,1.4,"Low","Short Sleep (<6h)","Moderate (1-2h)",45.6,"Moderate",0.56,1.02
"STU1096","Rohan Kumar","Female","Electronics","Year 1",6.5,5.1,9.8,3,88.3,2,0.9,"Low","Short Sleep (<6h)","Sedentary (<1h)",43.5,"Moderate",0.52,1.27
"STU1097","Kavya Sharma","Male","Electronics","Year 3",3.4,6.2,7,2,84.3,2,1.1,"Low","Normal Sleep (6-7.5h)","Moderate (1-2h)",27.5,"Low",0.89,0.55
"STU1098","Jordan Joshi","Female","Mechanical","Year 4",6.5,5.8,10.7,3,89.8,3,1.5,"Moderate","Short Sleep (<6h)","Moderate (1-2h)",44.4,"Moderate",0.54,1.12
"STU1099","Kavya Sharma","Non-Binary","Electronics","Year 4",7,5,8.2,4,88.7,3,1,"High","Short Sleep (<6h)","Moderate (1-2h)",54,"Moderate",0.61,1.4
"STU1100","Alex Iyer","Female","Computer Science","Year 1",6.6,5.3,8.7,4,83.4,3,1.3,"Moderate","Short Sleep (<6h)","Moderate (1-2h)",52.2,"Moderate",0.61,1.25
"STU1101","Arjun Das","Non-Binary","Computer Science","Year 1",5.3,4.8,6.2,3,84.2,2,1.7,"Moderate","Short Sleep (<6h)","Moderate (1-2h)",36.8,"Low",0.77,1.1
"STU1102","Sam Nair","Non-Binary","Computer Science","Year 2",8.5,3.5,10.9,4,70.5,2,1.8,"Moderate","Short Sleep (<6h)","Moderate (1-2h)",59.5,"Moderate",0.32,2.43
"STU1103","Arjun Chopra","Male","Electronics","Year 4",5.4,6.1,6.6,3,93.6,4,2.2,"Moderate","Normal Sleep (6-7.5h)","Active (>2h)",40.5,"Low",0.92,0.89
"STU1104","Ishaan Reddy","Female","Mechanical","Year 2",5.6,5.5,6.8,4,83.5,5,0.4,"High","Short Sleep (<6h)","Sedentary (<1h)",65.8,"Moderate",0.81,1.02
"STU1105","Neha Chopra","Male","Computer Science","Year 4",3.6,7.1,6.1,1,91.9,1,2.8,"Low","Normal Sleep (6-7.5h)","Active (>2h)",5,"Low",1.16,0.51
"STU1106","Varun Rao","Female","Electronics","Year 2",4.6,5.1,5.1,3,90.5,3,1.2,"Moderate","Short Sleep (<6h)","Moderate (1-2h)",42.4,"Moderate",1,0.9
"STU1107","Riya Menon","Female","Computer Science","Year 1",6.6,4.1,8.9,5,78.8,4,1,"High","Short Sleep (<6h)","Moderate (1-2h)",73.9,"High",0.46,1.61
"STU1108","Alex Reddy","Female","Electronics","Year 3",3,5.3,5.6,3,79.1,4,1.5,"Moderate","Short Sleep (<6h)","Moderate (1-2h)",48.7,"Moderate",0.95,0.57
"STU1109","Chris Das","Female","Biotechnology","Year 1",5.7,5.8,6.9,3,83,3,1.4,"Low","Short Sleep (<6h)","Moderate (1-2h)",40.8,"Low",0.84,0.98
"STU1110","Vidya Verma","Female","Electronics","Year 3",3.7,7.9,6.6,2,80.9,3,1.3,"Low","Optimal Sleep (>7.5h)","Moderate (1-2h)",24.9,"Low",1.2,0.47
"STU1111","Siddharth Patel","Non-Binary","Computer Science","Year 3",6.2,3.9,9.4,3,88.4,4,1.1,"Moderate","Short Sleep (<6h)","Moderate (1-2h)",60.5,"Moderate",0.41,1.59
"STU1112","Chris Sharma","Male","Biotechnology","Year 2",4.4,5.4,7.8,3,83.1,1,1.3,"Moderate","Short Sleep (<6h)","Moderate (1-2h)",31.9,"Low",0.69,0.81
"STU1113","Tanvi Kapoor","Female","Computer Science","Year 2",6.4,5.1,9.6,4,81.2,4,2.6,"Moderate","Short Sleep (<6h)","Active (>2h)",54.8,"Moderate",0.53,1.25
"STU1114","Rahul Bose","Male","Computer Science","Year 2",5.1,6.7,7.2,3,82.6,2,1.9,"Low","Normal Sleep (6-7.5h)","Moderate (1-2h)",28.1,"Low",0.93,0.76
"STU1115","Manish Kumar","Non-Binary","Biotechnology","Year 4",6.8,4.3,9.6,4,88.6,4,1.6,"High","Short Sleep (<6h)","Moderate (1-2h)",62.5,"Moderate",0.45,1.58
"STU1116","Sam Mehta","Female","Biotechnology","Year 3",4.7,5.8,9.8,3,77,3,1.2,"Moderate","Short Sleep (<6h)","Moderate (1-2h)",47.4,"Moderate",0.59,0.81
"STU1117","Alex Singh","Female","Computer Science","Year 3",8.7,3.6,8.8,5,78.5,4,0,"High","Short Sleep (<6h)","Sedentary (<1h)",81.4,"High",0.41,2.42
"STU1118","Pooja Reddy","Male","Biotechnology","Year 2",5.3,6.5,8.1,3,75.3,4,1.4,"Moderate","Normal Sleep (6-7.5h)","Moderate (1-2h)",47.6,"Moderate",0.8,0.82
"STU1119","Sam Pillai","Non-Binary","Biotechnology","Year 1",8.8,4.6,11.5,4,81.8,5,1.1,"High","Short Sleep (<6h)","Moderate (1-2h)",73.2,"High",0.4,1.91
"STU1120","Taylor Menon","Female","Computer Science","Year 4",8.4,4.6,10.4,3,84.4,4,1.4,"Moderate","Short Sleep (<6h)","Moderate (1-2h)",56.9,"Moderate",0.44,1.83
"STU1121","Siddharth Chopra","Female","Computer Science","Year 3",7.3,4.1,11.4,4,84.2,3,1,"Moderate","Short Sleep (<6h)","Moderate (1-2h)",62.8,"Moderate",0.36,1.78
"STU1122","Kavya Singh","Non-Binary","Electronics","Year 1",5.3,5.1,9.9,4,82.1,4,1.8,"Moderate","Short Sleep (<6h)","Moderate (1-2h)",58.8,"Moderate",0.52,1.04
"STU1123","Jordan Mehta","Non-Binary","Computer Science","Year 1",5.2,5,7.3,3,88.4,4,2.3,"Moderate","Short Sleep (<6h)","Active (>2h)",46.4,"Moderate",0.68,1.04
"STU1124","Diya Pillai","Female","Electronics","Year 4",5.9,3.5,9.2,4,81.9,4,1.6,"Moderate","Short Sleep (<6h)","Moderate (1-2h)",67,"Moderate",0.38,1.69
"STU1125","Aarav Kapoor","Non-Binary","Computer Science","Year 2",8.2,3.8,8.7,4,82.6,3,0.6,"High","Short Sleep (<6h)","Sedentary (<1h)",63.4,"Moderate",0.44,2.16
"STU1126","Riya Joshi","Non-Binary","Biotechnology","Year 2",5.9,6.3,8,2,95.3,2,1.7,"Low","Normal Sleep (6-7.5h)","Moderate (1-2h)",25,"Low",0.79,0.94
"STU1127","Rohan Patel","Female","Computer Science","Year 2",4.7,5.8,9.1,3,89.5,4,2.2,"Moderate","Short Sleep (<6h)","Active (>2h)",45.1,"Moderate",0.64,0.81
"STU1128","Deepak Bose","Male","Biotechnology","Year 3",4.1,6.5,7.4,2,95.8,1,2,"Low","Normal Sleep (6-7.5h)","Moderate (1-2h)",15.5,"Low",0.88,0.63
"STU1129","Manish Singh","Male","Electronics","Year 1",4,4.8,7.9,3,88.8,3,0.9,"Moderate","Short Sleep (<6h)","Sedentary (<1h)",48.9,"Moderate",0.61,0.83
"STU1130","Jordan Verma","Female","Electronics","Year 4",6.3,5.4,9.9,3,81.5,2,1.1,"Moderate","Short Sleep (<6h)","Moderate (1-2h)",42.3,"Moderate",0.55,1.17
"STU1131","Siddharth Deshmukh","Female","Computer Science","Year 4",6,5.6,7.2,3,85,2,0.7,"Moderate","Short Sleep (<6h)","Sedentary (<1h)",38.8,"Low",0.78,1.07
"STU1132","Taylor Menon","Male","Electronics","Year 3",7.9,5.6,9,4,71.9,5,1.5,"High","Short Sleep (<6h)","Moderate (1-2h)",66.4,"Moderate",0.62,1.41
"STU1133","Pooja Pillai","Female","Mechanical","Year 2",2.9,5.2,7.8,2,88.3,1,1.3,"Low","Short Sleep (<6h)","Moderate (1-2h)",26,"Low",0.67,0.56
"STU1134","Neha Joshi","Non-Binary","Computer Science","Year 1",5.7,4.8,8.3,3,83.7,2,1.9,"Low","Short Sleep (<6h)","Moderate (1-2h)",38.6,"Low",0.58,1.19
"STU1135","Neha Deshmukh","Female","Biotechnology","Year 3",5.8,5,7.7,4,88.1,3,1.8,"High","Short Sleep (<6h)","Moderate (1-2h)",49.4,"Moderate",0.65,1.16
"STU1136","Morgan Singh","Male","Electronics","Year 4",6.4,4.4,8.7,3,87.7,2,1.9,"Low","Short Sleep (<6h)","Moderate (1-2h)",40.6,"Low",0.51,1.45
"STU1137","Aarav Rao","Female","Electronics","Year 4",6.9,6.4,6.6,3,91.2,3,1.1,"Moderate","Normal Sleep (6-7.5h)","Moderate (1-2h)",38.2,"Low",0.97,1.08
"STU1138","Sam Das","Male","Computer Science","Year 1",4.3,6.7,6.2,3,98.4,2,0.7,"Moderate","Normal Sleep (6-7.5h)","Sedentary (<1h)",32,"Low",1.08,0.64
"STU1139","Sam Menon","Female","Computer Science","Year 2",5.8,5.7,8.7,3,79.4,3,0.8,"Moderate","Short Sleep (<6h)","Sedentary (<1h)",47.7,"Moderate",0.66,1.02
"STU1140","Vidya Pillai","Male","Computer Science","Year 4",4,5.4,5.1,3,83.9,3,1.4,"Moderate","Short Sleep (<6h)","Moderate (1-2h)",40.2,"Low",1.06,0.74
"STU1141","Tanvi Pillai","Male","Biotechnology","Year 2",7.1,4.6,9.2,4,81.7,3,0.8,"Moderate","Short Sleep (<6h)","Sedentary (<1h)",59.4,"Moderate",0.5,1.54
"STU1142","Rohan Singh","Male","Computer Science","Year 2",2.5,7,6.7,2,83.5,2,2.3,"Low","Normal Sleep (6-7.5h)","Active (>2h)",17.4,"Low",1.04,0.36
"STU1143","Rohan Bhat","Male","Computer Science","Year 2",7.9,5.4,7.9,3,95,3,1.3,"Moderate","Short Sleep (<6h)","Moderate (1-2h)",43.9,"Moderate",0.68,1.46
"STU1144","Sneha Verma","Non-Binary","Biotechnology","Year 1",9.1,3.6,11.5,4,76.4,3,0,"High","Short Sleep (<6h)","Sedentary (<1h)",73,"High",0.31,2.53
"STU1145","Diya Iyer","Female","Computer Science","Year 4",8.6,3.5,9.1,5,78.3,4,1.2,"High","Short Sleep (<6h)","Moderate (1-2h)",76.4,"High",0.38,2.46
"STU1146","Morgan Reddy","Female","Biotechnology","Year 1",6.3,4.9,9,4,84.1,5,2.1,"High","Short Sleep (<6h)","Active (>2h)",62.8,"Moderate",0.54,1.29
"STU1147","Sneha Sharma","Non-Binary","Computer Science","Year 3",7.2,4.8,7.5,4,83.1,4,0.7,"Moderate","Short Sleep (<6h)","Sedentary (<1h)",62.5,"Moderate",0.64,1.5
"STU1148","Pooja Joshi","Female","Computer Science","Year 3",2.2,7.5,6.2,1,88.9,2,2.1,"Low","Normal Sleep (6-7.5h)","Active (>2h)",8.5,"Low",1.21,0.29
"STU1149","Deepak Bose","Male","Computer Science","Year 2",2.3,6.7,7.8,2,85.6,2,1.4,"Low","Normal Sleep (6-7.5h)","Moderate (1-2h)",24.2,"Low",0.86,0.34
"STU1150","Siddharth Pillai","Female","Computer Science","Year 4",6.8,5.1,8.2,4,82.1,4,0.3,"High","Short Sleep (<6h)","Sedentary (<1h)",64.2,"Moderate",0.62,1.33
"STU1151","Tanvi Chopra","Female","Electronics","Year 4",1.5,7.9,4.9,1,86.2,1,1.6,"Low","Optimal Sleep (>7.5h)","Moderate (1-2h)",5,"Low",1.61,0.19
"STU1152","Chris Pillai","Female","Electronics","Year 3",4.2,5.1,8.6,3,81.6,3,1.2,"Moderate","Short Sleep (<6h)","Moderate (1-2h)",47.9,"Moderate",0.59,0.82
"STU1153","Tanvi Nair","Female","Computer Science","Year 1",5,4.7,10.8,3,89.9,3,1.1,"Moderate","Short Sleep (<6h)","Moderate (1-2h)",52,"Moderate",0.44,1.06
"STU1154","Varun Chopra","Female","Civil","Year 4",5.7,6.8,8.2,2,95.9,1,1.8,"Low","Normal Sleep (6-7.5h)","Moderate (1-2h)",16,"Low",0.83,0.84
"STU1155","Aditi Singh","Male","Civil","Year 3",8.6,3.6,11.7,5,73.7,5,0,"High","Short Sleep (<6h)","Sedentary (<1h)",92.9,"High",0.31,2.39
"STU1156","Diya Reddy","Female","Civil","Year 3",6.2,5.6,9.6,3,84.1,3,1.9,"Moderate","Short Sleep (<6h)","Moderate (1-2h)",42.3,"Moderate",0.58,1.11
"STU1157","Chris Pillai","Male","Computer Science","Year 1",2.2,8.6,6,1,93.8,1,1.3,"Low","Optimal Sleep (>7.5h)","Moderate (1-2h)",5,"Low",1.43,0.26
"STU1158","Diya Verma","Female","Computer Science","Year 1",4.6,8.1,9.5,1,91.4,1,1.8,"Low","Optimal Sleep (>7.5h)","Moderate (1-2h)",5,"Low",0.85,0.57
"STU1159","Diya Nair","Female","Computer Science","Year 3",7.3,4.2,6.3,5,88.5,5,1,"High","Short Sleep (<6h)","Moderate (1-2h)",74.4,"High",0.67,1.74
"STU1160","Yash Mehta","Non-Binary","Electronics","Year 4",8.3,3.5,9.8,4,78.5,5,1.5,"High","Short Sleep (<6h)","Moderate (1-2h)",75.7,"High",0.36,2.37
"STU1161","Sneha Kumar","Male","Electronics","Year 2",2.5,6.7,8.2,2,84.4,1,0.7,"Low","Normal Sleep (6-7.5h)","Sedentary (<1h)",22.2,"Low",0.82,0.37
"STU1162","Aditi Nair","Female","Civil","Year 3",4.9,4.4,8.9,3,87.5,2,0.7,"Low","Short Sleep (<6h)","Sedentary (<1h)",46.9,"Moderate",0.49,1.11
"STU1163","Neha Rao","Non-Binary","Mechanical","Year 2",3.1,8.3,7.8,1,87.3,1,1.8,"Low","Optimal Sleep (>7.5h)","Moderate (1-2h)",5,"Low",1.06,0.37
"STU1164","Jordan Joshi","Female","Electronics","Year 3",6,4.9,10.7,3,96.5,3,0.5,"Moderate","Short Sleep (<6h)","Sedentary (<1h)",53.9,"Moderate",0.46,1.22
"STU1165","Rahul Singh","Female","Computer Science","Year 1",4.7,4,8,3,81.5,4,1.4,"High","Short Sleep (<6h)","Moderate (1-2h)",57.9,"Moderate",0.5,1.18
"STU1166","Taylor Kapoor","Female","Civil","Year 4",4.8,6.2,8.5,2,89.1,2,1.5,"Low","Normal Sleep (6-7.5h)","Moderate (1-2h)",27.1,"Low",0.73,0.77
"STU1167","Manish Sharma","Female","Computer Science","Year 2",2.8,5.9,7.7,3,90.2,2,2.5,"Moderate","Short Sleep (<6h)","Active (>2h)",28.9,"Low",0.77,0.47
"STU1168","Aarav Mehta","Non-Binary","Electronics","Year 3",2.6,8.3,5.5,1,83.3,1,1,"Low","Optimal Sleep (>7.5h)","Moderate (1-2h)",5,"Low",1.51,0.31
"STU1169","Aditi Singh","Female","Mechanical","Year 4",6,4.4,9.5,4,88.7,4,0.8,"High","Short Sleep (<6h)","Sedentary (<1h)",65.9,"Moderate",0.46,1.36
"STU1170","Morgan Deshmukh","Male","Mechanical","Year 1",6.7,5.9,10.3,4,73.6,4,0.2,"High","Short Sleep (<6h)","Sedentary (<1h)",66.2,"Moderate",0.57,1.14
"STU1171","Morgan Chopra","Male","Computer Science","Year 4",3.4,7.1,6.3,2,81.5,2,1.1,"Low","Normal Sleep (6-7.5h)","Moderate (1-2h)",23,"Low",1.13,0.48
"STU1172","Aditi Sharma","Male","Electronics","Year 3",2.8,6.1,5.1,2,99,1,2.5,"Low","Normal Sleep (6-7.5h)","Active (>2h)",12.1,"Low",1.2,0.46
"STU1173","Sam Kumar","Male","Biotechnology","Year 3",7.7,3.5,9.3,5,85.9,5,0,"High","Short Sleep (<6h)","Sedentary (<1h)",86.6,"High",0.38,2.2
"STU1174","Pooja Iyer","Female","Civil","Year 1",4.4,6.2,7.7,2,81.7,3,2.4,"Low","Normal Sleep (6-7.5h)","Active (>2h)",29,"Low",0.81,0.71
"STU1175","Rohan Patel","Male","Computer Science","Year 3",6,3.5,7.8,5,67.5,5,1.3,"High","Short Sleep (<6h)","Moderate (1-2h)",84.1,"High",0.45,1.71
"STU1176","Aditi Nair","Female","Biotechnology","Year 3",1.6,7.6,4.7,1,73.9,1,2.3,"Low","Optimal Sleep (>7.5h)","Active (>2h)",5,"Low",1.62,0.21
"STU1177","Aditi Rao","Non-Binary","Computer Science","Year 3",6.1,4.9,9.5,4,93.7,3,0.3,"Moderate","Short Sleep (<6h)","Sedentary (<1h)",59.6,"Moderate",0.52,1.24
"STU1178","Neha Singh","Female","Computer Science","Year 2",4.2,6.1,6.3,2,95,3,2.1,"Moderate","Normal Sleep (6-7.5h)","Active (>2h)",28.1,"Low",0.97,0.69
"STU1179","Sam Bose","Female","Mechanical","Year 1",7.6,3.5,9.9,4,77.3,5,1.7,"Moderate","Short Sleep (<6h)","Moderate (1-2h)",75.2,"High",0.35,2.17
"STU1180","Chris Verma","Male","Computer Science","Year 3",5.8,6.6,8.9,3,76.3,2,0.4,"Moderate","Normal Sleep (6-7.5h)","Sedentary (<1h)",40.3,"Low",0.74,0.88
"STU1181","Deepak Iyer","Male","Biotechnology","Year 1",5.1,8.2,9.5,1,99,1,2.5,"Low","Optimal Sleep (>7.5h)","Active (>2h)",5,"Low",0.86,0.62
"STU1182","Neha Bose","Female","Mechanical","Year 3",5.6,7.2,8.3,3,89.8,3,1.1,"Moderate","Normal Sleep (6-7.5h)","Moderate (1-2h)",36.4,"Low",0.87,0.78
"STU1183","Tanvi Mehta","Male","Electronics","Year 2",6.9,5.7,6.5,3,80.4,4,2.2,"Low","Short Sleep (<6h)","Active (>2h)",43.9,"Moderate",0.88,1.21
"STU1184","Tanvi Joshi","Male","Computer Science","Year 2",3.5,5.8,7.9,3,83.6,3,1,"Low","Short Sleep (<6h)","Moderate (1-2h)",43.8,"Moderate",0.73,0.6
"STU1185","Deepak Joshi","Male","Computer Science","Year 4",4.1,5.9,7.3,3,93.8,5,1.4,"Moderate","Short Sleep (<6h)","Moderate (1-2h)",52.6,"Moderate",0.81,0.69
"STU1186","Ananya Patel","Non-Binary","Computer Science","Year 3",5.2,4.1,10.2,4,87.9,4,0.6,"Moderate","Short Sleep (<6h)","Sedentary (<1h)",69.2,"High",0.4,1.27
"STU1187","Rohan Menon","Female","Biotechnology","Year 3",2.1,7.7,7,2,80.2,3,1.9,"Moderate","Optimal Sleep (>7.5h)","Moderate (1-2h)",23.6,"Low",1.1,0.27
"STU1188","Rohan Singh","Male","Computer Science","Year 3",6.7,3.5,6.9,4,83.9,5,1.7,"High","Short Sleep (<6h)","Moderate (1-2h)",69.2,"High",0.51,1.91
"STU1189","Taylor Sharma","Male","Computer Science","Year 1",2.9,5.3,6.9,3,90.7,3,1.7,"Moderate","Short Sleep (<6h)","Moderate (1-2h)",41.1,"Low",0.77,0.55
"STU1190","Aarav Gupta","Male","Electronics","Year 2",5.3,7.3,6.8,2,91.8,4,1,"Low","Normal Sleep (6-7.5h)","Moderate (1-2h)",34.5,"Low",1.07,0.73
"STU1191","Deepak Bose","Male","Mechanical","Year 3",4.3,8.7,4.9,2,92.2,3,2.3,"Low","Optimal Sleep (>7.5h)","Active (>2h)",13.4,"Low",1.78,0.49
"STU1192","Ananya Rao","Male","Biotechnology","Year 4",5.8,5.5,9.6,3,81,4,1,"Moderate","Short Sleep (<6h)","Moderate (1-2h)",54.6,"Moderate",0.57,1.05
"STU1193","Chris Nair","Female","Computer Science","Year 3",5.5,6.8,5.8,3,88,3,1.4,"Moderate","Normal Sleep (6-7.5h)","Moderate (1-2h)",33.8,"Low",1.17,0.81
"STU1194","Taylor Joshi","Female","Electronics","Year 4",8.2,3.5,12,4,93.8,5,1.8,"High","Short Sleep (<6h)","Moderate (1-2h)",74.8,"High",0.29,2.34
"STU1195","Riya Iyer","Non-Binary","Mechanical","Year 2",5.7,6.1,7.9,3,74.5,3,1.5,"Moderate","Normal Sleep (6-7.5h)","Moderate (1-2h)",42.9,"Moderate",0.77,0.93
"STU1196","Pooja Mehta","Female","Electronics","Year 1",4.8,6.2,7.1,2,79.5,3,1.3,"Moderate","Normal Sleep (6-7.5h)","Moderate (1-2h)",34.5,"Low",0.87,0.77
"STU1197","Yash Gupta","Male","Computer Science","Year 3",3.1,5,5.7,3,93.5,3,1.6,"Moderate","Short Sleep (<6h)","Moderate (1-2h)",41.6,"Low",0.88,0.62
"STU1198","Taylor Bhat","Non-Binary","Electronics","Year 1",7.4,4.1,7.3,4,93.3,5,0.7,"High","Short Sleep (<6h)","Sedentary (<1h)",71.4,"High",0.56,1.8
"STU1199","Tanvi Chopra","Female","Civil","Year 2",7.2,3.6,9.9,5,88.5,5,0.5,"High","Short Sleep (<6h)","Sedentary (<1h)",84.4,"High",0.36,2
"STU1200","Yash Singh","Female","Computer Science","Year 3",2.9,5.4,4.5,3,90.8,3,2.4,"Moderate","Short Sleep (<6h)","Active (>2h)",34.1,"Low",1.2,0.54
